Date,Open,High,Low,Close,Volume
2021-01-01,37.3596,38.959,36.9555,37.7762,2435989.127
2021-01-02,37.7637,38.8798,36.8,38.2331,3018062.206
2021-01-03,38.2331,41.7017,37.763,41.2575,4903626.697
2021-01-04,41.256,43.2039,38.02,41.1333,5306248.166
2021-01-05,41.13,41.8375,38.8014,41.8219,3513141.346
2021-01-06,41.8271,42.267,40.4531,42.2417,3784444.687
2021-01-07,42.244,44.9,41.366,43.5728,5026746.669
2021-01-08,43.5728,43.722,40.2313,42.356,3548923.788
2021-01-09,42.345,44.0552,41.5,43.8479,2720363.636
2021-01-10,43.8479,45.162,40.0,42.4031,4277406.29
2021-01-11,42.4033,42.5094,35.0374,38.1674,6372598.994
2021-01-12,38.1623,40.1989,37.0,38.2541,3261261.81
2021-01-13,38.2703,40.4499,37.02,40.1114,3512089.385
2021-01-14,40.1114,42.0,39.5739,41.8723,3306689.933
2021-01-15,41.8721,42.5622,38.6616,40.8668,3431358.936
2021-01-16,40.8951,44.12,40.625,43.142,3243054.414
2021-01-17,43.1413,46.7228,40.9192,45.8675,3878914.299
2021-01-18,45.8645,46.8888,44.0278,45.3412,3069449.938
2021-01-19,45.3592,47.2187,41.7,42.5241,5151546.872
2021-01-20,42.5241,43.0992,40.2,42.6069,3709936.492
2021-01-21,42.6056,42.7176,38.2,38.6343,3460575.242
2021-01-22,38.6596,41.528,36.8518,40.8936,3088685.295
2021-01-23,40.8938,41.88,39.4555,40.9109,2531809.648
2021-01-24,40.9113,42.2,40.3144,41.8263,2340747.623
2021-01-25,41.827,43.4241,40.5364,41.8347,2778238.02
2021-01-26,41.8347,42.598,39.6955,41.8396,2758108.622
2021-01-27,41.8397,42.0984,39.6102,40.8826,2638401.378
2021-01-28,40.8957,43.085,40.317,42.5254,2984098.651
2021-01-29,42.5277,44.0,41.8017,42.8618,3433689.484
2021-01-30,42.8653,45.1071,42.5911,44.7849,2767954.291
2021-01-31,44.8022,45.8269,43.3,44.3292,2431692.198
2021-02-01,44.3291,52.3736,43.4331,51.4781,6095055.413
2021-02-02,51.4762,53.0,49.1572,51.0071,4675040.877
2021-02-03,51.029,52.7,49.7823,52.12,2949735.036
2021-02-04,52.12,57.0547,51.25,55.9599,4004741.294
2021-02-05,55.9593,68.73,55.9202,67.7005,5040545.223
2021-02-06,67.6217,75.5,61.7,72.8356,8482528.531
2021-02-07,72.8693,74.8199,64.1803,68.3542,5969908.442
2021-02-08,68.355,79.8823,67.6152,79.8374,7860567.389
2021-02-09,79.8734,116.24,78.0381,107.3469,12487305.868
2021-02-10,107.3496,148.4,107.2811,128.9711,16613534.274
2021-02-11,128.9463,132.8,117.7289,124.085,5920400.255
2021-02-12,124.1129,141.32,120.89,136.6139,5626020.824
2021-02-13,136.7321,138.5067,125.0,133.3496,3785723.402
2021-02-14,133.3498,139.0,128.4615,135.8623,4405507.885
2021-02-15,135.8623,139.369,118.0,130.303,4772752.806
2021-02-16,129.9493,133.4925,126.0,130.183,3258276.714
2021-02-17,130.183,175.9997,126.7546,165.3233,10185662.26
2021-02-18,165.3176,199.88,162.7969,195.6,11226893.373
2021-02-19,195.5549,348.6969,194.9279,333.111,20188858.198
2021-02-20,333.2212,335.0,223.0,253.0,13497656.247
2021-02-21,253.01,309.4995,249.7044,295.2597,10646422.307
2021-02-22,294.9167,296.0,220.5,267.5147,12604399.402
2021-02-23,267.1721,269.444,186.1,231.3646,15879767.559
2021-02-24,231.3646,281.0,213.0257,254.5056,11777825.187
2021-02-25,254.3826,265.4014,231.5,234.9146,6871992.794
2021-02-26,234.7605,239.4,209.105,221.717,7410706.385
2021-02-27,221.9592,237.77,219.011,225.3853,4192697.152
2021-02-28,225.4567,229.4,195.0,210.2138,5674373.249
2021-03-01,210.1177,260.0,209.1204,254.9637,7911568.194
2021-03-02,254.9486,264.9,227.0,239.6841,5386013.794
2021-03-03,239.7204,254.8481,236.002,240.5701,4278388.733
2021-03-04,240.4801,249.9885,225.5308,229.6369,3999983.836
2021-03-05,229.6369,232.2,215.6439,225.4714,3654842.805
2021-03-06,225.5391,232.4996,219.1514,226.3814,2663375.536
2021-03-07,226.3812,243.95,224.9542,240.11,3519962.929
2021-03-08,240.1039,243.0986,228.7029,240.5509,3045991.968
2021-03-09,240.7852,297.2962,235.6001,293.2052,7937298.708
2021-03-10,293.1305,295.5,263.8184,278.4499,6012304.148
2021-03-11,278.3522,315.2855,272.12,290.0301,6598662.207
2021-03-12,289.786,290.5,247.5547,263.2201,5905880.87
2021-03-13,263.192,284.2857,255.4206,276.2822,3902398.386
2021-03-14,276.2892,276.8847,263.0003,263.238,2432196.535
2021-03-15,263.35,267.7453,249.5327,254.5144,3362734.143
2021-03-16,254.3894,259.7847,240.199,258.5352,3013229.0
2021-03-17,258.5611,272.1787,248.2001,269.7896,2856836.919
2021-03-18,269.8578,277.8,257.01,261.4816,3152509.589
2021-03-19,261.5157,269.0,255.0,262.935,2262870.653
2021-03-20,263.1083,274.6805,261.4,264.3023,2377018.11
2021-03-21,264.2213,268.0305,257.0001,264.6513,1973476.754
2021-03-22,264.7152,277.0,252.9164,254.7976,3265655.831
2021-03-23,254.9689,262.97,251.838,255.4646,2587450.732
2021-03-24,255.5191,268.7062,240.3333,248.5236,3270691.795
2021-03-25,248.5345,250.0912,224.9686,233.9466,3498082.827
2021-03-26,234.0024,255.2113,233.8114,255.2105,2635329.155
2021-03-27,255.1201,276.0,249.5001,269.2234,3089181.848
2021-03-28,269.2864,281.3939,261.0,268.4263,3272613.755
2021-03-29,268.6234,277.9813,264.4585,275.2991,2728496.99
2021-03-30,275.2986,311.5325,271.2857,311.2962,5532768.33
2021-03-31,311.2962,316.6997,284.0,302.3724,4719335.506
2021-04-01,302.4591,339.0,300.7,334.7991,4390708.581
2021-04-02,334.6706,356.9882,324.6162,338.2932,4205858.478
2021-04-03,338.2932,349.1347,315.91,321.9497,3099870.848
2021-04-04,321.9597,352.3275,316.0,348.8617,2730876.03
2021-04-05,348.8705,380.0,335.8442,368.0263,3473780.055
2021-04-06,368.1506,411.755,363.8333,403.3648,4481056.436
2021-04-07,403.2607,414.3803,356.0,375.5538,6179859.708
2021-04-08,375.5538,422.6323,371.78,418.7048,4092498.638
2021-04-09,418.7047,453.9937,403.19,453.9937,3670424.433
2021-04-10,453.9898,487.4062,450.0,471.2975,4659107.212
2021-04-11,471.2974,529.211,458.0165,525.9275,3644396.11
2021-04-12,525.9275,638.5673,515.1,596.7104,9279328.84
2021-04-13,596.7878,602.7871,530.2288,551.6442,5447746.544
2021-04-14,551.3956,590.5369,521.1313,550.0182,4213337.251
2021-04-15,550.0182,556.9,533.7166,541.8824,2306850.045
2021-04-16,541.8351,547.6074,489.7356,508.2743,4192218.462
2021-04-17,508.2614,547.95,506.0,514.6861,2949040.221
2021-04-18,514.8178,520.4237,428.0,481.4367,4468597.46
2021-04-19,481.5112,540.0,467.8846,504.0322,5031325.713
2021-04-20,504.0322,589.5,470.207,586.3635,5730895.325
2021-04-21,586.5201,613.8975,535.9186,543.6327,5685067.894
2021-04-22,543.6827,582.7051,480.0,505.2411,6375583.139
2021-04-23,505.2282,530.0,450.0,526.5357,6855584.921
2021-04-24,526.4319,528.8088,482.3052,496.992,3005329.075
2021-04-25,496.992,517.74,478.01,505.0,2489756.6252
2021-04-26,505.0,550.0,501.5,535.33,3098650.6351
2021-04-27,535.33,579.5,525.0,568.78,2807308.6198
2021-04-28,568.78,578.88,538.0,562.78,2384514.8852
2021-04-29,562.78,615.29,554.0,599.7,4336516.3347
2021-04-30,599.66,628.0,585.72,622.65,3430512.4025
2021-05-01,622.64,645.57,609.21,620.0,2427568.3909
2021-05-02,620.0,629.0,595.3,621.78,2066258.2844
2021-05-03,621.77,680.0,621.22,676.15,2873379.617
2021-05-04,676.15,677.71,604.14,609.3,3765315.6951
2021-05-05,609.41,656.67,605.0,651.1,2270137.4732
2021-05-06,651.1,653.77,620.0,633.99,2065376.5442
2021-05-07,634.03,644.02,611.43,624.3,1979435.9584
2021-05-08,624.3,657.91,618.36,646.1,2186084.7749
2021-05-09,646.07,679.0,630.54,661.74,2343402.1219
2021-05-10,661.74,691.77,588.0,631.1,3074645.0692
2021-05-11,631.16,673.0,621.11,671.91,2640713.327
2021-05-12,671.9,684.91,581.4,594.65,2813834.8185
2021-05-13,594.2,633.5,526.6,571.1,5485323.7047
2021-05-14,571.1,615.0,566.0,602.61,2187570.2996
2021-05-15,602.61,611.31,560.0,563.41,2259793.5825
2021-05-16,563.42,606.78,534.88,564.32,2939528.1774
2021-05-17,564.66,564.66,483.0,512.07,4029118.3527
2021-05-18,512.06,534.0,490.0,507.88,2720596.4374
2021-05-19,507.9,516.5,280.0,334.8,11497731.3774
2021-05-20,334.8,423.83,284.27,391.17,8116861.4224
2021-05-21,391.37,415.71,274.0,326.01,8827845.3858
2021-05-22,326.23,335.82,284.55,299.76,5303046.012
2021-05-23,299.75,313.45,211.7,260.72,8801148.1832
2021-05-24,260.72,350.0,257.4,345.64,7794003.641
2021-05-25,345.64,378.12,306.61,343.18,7638986.0132
2021-05-26,343.18,388.28,336.21,379.16,5336916.0722
2021-05-27,379.16,387.56,340.0,369.67,4275801.5014
2021-05-28,369.83,373.68,312.3,328.82,5253443.3619
2021-05-29,328.86,347.0,295.22,305.04,3764083.2923
2021-05-30,305.18,338.32,291.06,325.57,3739673.1138
2021-05-31,325.55,356.0,307.55,353.33,4110136.8744
2021-06-01,353.37,364.4,339.48,362.39,3652280.6916
2021-06-02,362.36,419.43,350.43,401.54,4377024.6685
2021-06-03,401.52,433.0,391.32,428.48,4214469.415
2021-06-04,428.46,429.5,365.0,390.7,4926793.4499
2021-06-05,390.68,426.0,373.8,390.08,3977579.347
2021-06-06,390.05,400.29,381.5,393.73,1862065.4318
2021-06-07,393.82,407.42,353.53,357.96,3028938.8445
2021-06-08,357.94,366.33,319.18,352.5,4986849.8512
2021-06-09,352.5,378.77,333.56,375.54,3494285.669
2021-06-10,375.56,377.55,344.13,351.94,2417974.6499
2021-06-11,351.96,366.28,340.84,345.75,2215352.723
2021-06-12,345.76,348.88,325.3,343.7,2074837.0012
2021-06-13,343.68,369.0,330.48,365.8,1958071.3656
2021-06-14,365.81,377.33,355.07,370.19,1978613.2384
2021-06-15,370.2,379.58,363.23,366.48,1545190.4369
2021-06-16,366.48,366.77,343.35,347.22,1531522.2062
2021-06-17,347.22,362.47,345.85,352.85,1239146.5273
2021-06-18,352.84,357.12,327.22,337.16,1583897.2791
2021-06-19,337.21,345.0,331.11,334.01,1067456.2119
2021-06-20,334.03,340.57,310.13,339.08,1618406.0051
2021-06-21,339.09,342.0,268.57,270.76,3729539.0167
2021-06-22,270.76,291.5,225.42,262.1,5570573.4851
2021-06-23,262.1,309.75,251.41,296.25,3319089.777
2021-06-24,296.17,316.49,281.5,308.62,2635799.196
2021-06-25,308.6,314.84,275.24,280.81,2711888.8709
2021-06-26,280.89,290.33,264.26,279.65,2263064.3633
2021-06-27,279.58,291.7,269.72,290.87,1539903.0268
2021-06-28,290.89,299.96,283.55,290.0,1884580.1557
2021-06-29,290.0,315.6,289.19,300.79,2126079.3416
2021-06-30,300.79,304.88,281.53,303.71,2061866.47
2021-07-01,303.75,304.0,281.0,287.43,1388151.0265
2021-07-02,287.49,290.74,276.4,287.17,1003331.2269
2021-07-03,287.17,303.21,282.77,298.13,1016731.5662
2021-07-04,298.18,314.91,292.58,307.62,1309414.0255
2021-07-05,307.63,307.68,291.0,302.02,1403218.2408
2021-07-06,302.04,322.5,301.8,319.92,2066912.3595
2021-07-07,319.91,340.0,318.23,327.51,1779058.2937
2021-07-08,327.51,328.21,304.4,310.14,1644090.8501
2021-07-09,310.08,319.69,301.43,317.09,1106411.786
2021-07-10,317.09,321.44,310.57,316.12,818970.9225
2021-07-11,316.12,326.82,312.21,322.16,799617.835
2021-07-12,322.17,334.37,308.57,316.12,1322836.6575
2021-07-13,316.11,318.33,305.2,308.94,930032.3155
2021-07-14,308.98,313.46,290.24,309.4,1430288.4026
2021-07-15,309.33,324.33,301.32,316.11,2185210.8398
2021-07-16,316.12,323.5,301.5,302.88,1456105.4019
2021-07-17,302.94,306.71,295.0,300.52,1030879.9611
2021-07-18,300.56,309.18,298.7,302.1,815497.3527
2021-07-19,302.04,303.94,278.85,280.54,1318041.7074
2021-07-20,280.54,283.6,254.52,264.44,1796600.5803
2021-07-21,264.43,298.92,261.02,293.26,1740736.0226
2021-07-22,293.27,298.44,287.3,293.36,1173507.9432
2021-07-23,293.39,301.5,281.01,299.27,1640999.5389
2021-07-24,299.29,307.79,295.43,301.56,1438901.3811
2021-07-25,301.53,304.44,292.34,302.56,1083557.277
2021-07-26,302.56,328.0,301.0,304.0,2575554.2802
2021-07-27,304.0,318.41,297.61,313.48,1678708.0635
2021-07-28,313.47,318.68,308.0,313.8,1308249.13
2021-07-29,313.84,320.31,308.6,317.03,998946.1839
2021-07-30,317.1,325.66,306.16,322.58,1297421.6445
2021-07-31,322.58,338.44,317.21,332.38,1393753.965
2021-08-01,332.38,347.8,328.99,332.59,1514514.2178
2021-08-02,332.63,338.29,326.17,330.55,1018741.3098
2021-08-03,330.53,334.73,317.02,323.43,1060806.3447
2021-08-04,323.44,337.39,319.78,334.77,969671.4228
2021-08-05,334.78,340.17,323.37,337.91,1263649.4926
2021-08-06,337.92,347.14,331.12,342.39,1267498.9178
2021-08-07,342.39,359.74,340.34,356.18,1545801.188
2021-08-08,356.18,359.87,337.0,341.79,1275768.154
2021-08-09,341.79,357.7,333.15,354.32,1284975.5132
2021-08-10,354.32,376.6,348.0,371.92,1660844.1918
2021-08-11,371.95,408.72,371.09,390.96,1911892.6875
2021-08-12,390.92,406.18,371.59,385.66,1835305.9382
2021-08-13,385.69,411.46,382.91,410.76,1261827.2925
2021-08-14,410.74,418.8,400.0,408.67,1439286.5064
2021-08-15,408.66,415.16,395.88,414.05,1238115.4178
2021-08-16,414.05,437.0,410.79,415.72,1850324.1906
2021-08-17,415.72,435.77,398.77,401.8,1984029.275
2021-08-18,401.86,412.36,385.47,396.15,1750539.5385
2021-08-19,396.23,431.7,390.89,431.27,1852873.4714
2021-08-20,431.21,458.0,421.84,454.93,1691101.5102
2021-08-21,454.92,460.0,443.47,448.74,1426818.8978
2021-08-22,448.74,458.34,437.77,448.68,1135535.8076
2021-08-23,448.69,509.71,445.89,499.06,2660809.0219
2021-08-24,499.06,504.2,461.12,471.62,2080297.6979
2021-08-25,471.62,507.0,470.0,503.19,2242911.0333
2021-08-26,503.17,518.94,471.2,478.1,2229652.231
2021-08-27,478.2,495.0,467.1,494.5,1549790.9246
2021-08-28,494.6,497.0,482.3,486.2,891854.5838
2021-08-29,486.1,495.5,475.0,479.7,910773.939
2021-08-30,479.7,480.9,457.0,460.3,1125497.9612
2021-08-31,460.2,477.8,448.2,463.9,1477345.5552
2021-09-01,463.9,490.0,455.1,489.4,1320635.94
2021-09-02,489.5,504.7,478.0,483.7,1245680.6988
2021-09-03,483.6,495.0,473.0,488.5,1094104.742
2021-09-04,488.4,509.9,485.2,497.7,1248261.6277
2021-09-05,497.8,505.2,488.4,504.8,878406.045
2021-09-06,504.9,509.0,486.9,496.1,1121398.978
2021-09-07,496.1,504.8,369.0,418.7,3358688.1229
2021-09-08,418.7,425.5,382.3,415.0,2058507.11
2021-09-09,415.2,436.1,403.4,421.3,1543293.221
2021-09-10,421.3,439.4,393.2,401.4,1528906.751
2021-09-11,401.4,415.3,399.3,405.1,922767.055
2021-09-12,405.0,421.5,397.4,416.3,981402.883
2021-09-13,416.4,419.7,383.0,399.1,1531654.719
2021-09-14,399.1,414.7,395.7,414.3,930635.792
2021-09-15,414.3,438.0,409.6,431.3,1182055.631
2021-09-16,431.2,435.0,415.6,424.3,1037049.02
2021-09-17,424.2,426.0,400.4,406.6,844137.727
2021-09-18,406.8,420.0,401.5,410.7,733479.739
2021-09-19,410.8,419.0,402.8,408.6,743095.721
2021-09-20,408.5,410.1,353.7,364.1,1865673.9401
2021-09-21,364.1,376.0,336.8,344.4,1577059.1261
2021-09-22,344.4,379.9,342.3,379.0,1085212.972
2021-09-23,378.9,384.6,369.0,383.5,992215.176
2021-09-24,383.5,385.3,333.6,355.0,1718950.219
2021-09-25,355.0,360.8,343.2,349.6,916797.617
2021-09-26,349.6,353.0,320.0,344.0,1538759.1618
2021-09-27,344.0,357.6,335.0,335.5,956544.069
2021-09-28,335.5,344.6,330.0,333.0,922077.227
2021-09-29,332.9,375.4,331.2,367.7,1696420.045
2021-09-30,367.7,388.8,366.4,387.5,1163674.206
2021-10-01,387.5,423.4,381.5,421.5,1440336.041
2021-10-02,421.4,438.2,410.6,427.1,1039006.518
2021-10-03,427.0,437.2,421.5,430.5,820910.792
2021-10-04,430.5,430.9,410.9,426.3,974423.359
2021-10-05,426.4,444.0,424.0,442.1,883699.828
2021-10-06,442.0,442.8,414.7,434.9,1245088.683
2021-10-07,434.9,450.0,423.6,438.5,1159098.7447
2021-10-08,438.5,441.6,415.7,419.2,1505999.188
2021-10-09,419.3,426.0,416.0,421.9,632123.526
2021-10-10,421.9,422.3,402.0,404.1,729380.963
2021-10-11,404.0,424.0,399.8,413.1,759924.884
2021-10-12,413.2,444.5,392.2,444.2,1966630.183
2021-10-13,444.1,471.8,432.3,470.8,3383303.439
2021-10-14,470.7,482.8,461.2,472.7,1431305.925
2021-10-15,472.7,478.0,450.8,474.5,1508188.787
2021-10-16,474.5,484.7,423.0,465.8,1040477.571
2021-10-17,465.8,472.4,454.2,470.9,890609.849
2021-10-18,471.0,487.6,466.4,484.9,1091006.031
2021-10-19,485.0,497.6,480.3,488.1,912494.969
2021-10-20,488.1,505.9,481.3,501.3,946412.94
2021-10-21,501.3,504.9,466.0,470.9,1851835.929
2021-10-22,470.9,498.0,470.7,479.3,1118876.638
2021-10-23,479.3,485.7,472.6,485.5,521970.795
2021-10-24,485.5,486.5,467.8,475.8,590939.031
2021-10-25,475.8,488.6,474.7,485.1,632116.761
2021-10-26,485.1,489.8,473.5,478.1,702610.184
2021-10-27,478.2,486.4,435.3,448.7,1370950.214
2021-10-28,448.7,494.8,446.4,491.9,1523900.006
2021-10-29,492.0,533.61,487.6,530.3,1411851.4394
2021-10-30,530.3,540.5,510.2,528.3,1095033.1264
2021-10-31,528.4,535.0,508.9,524.6,1018991.819
2021-11-01,524.6,551.9,511.0,551.3,1274272.0851
2021-11-02,551.3,564.0,537.4,554.4,1153919.1399
2021-11-03,554.4,570.1,537.5,568.4,1262766.5996
2021-11-04,568.4,568.9,543.6,558.7,1052950.033
2021-11-05,558.8,616.9,554.1,607.3,1989945.5433
2021-11-06,607.3,637.8,595.1,637.7,1366385.957
2021-11-07,637.7,669.3,630.5,649.6,1476373.2487
2021-11-08,649.5,655.7,631.0,653.5,1290096.384
2021-11-09,653.6,656.7,631.9,635.0,879119.398
2021-11-10,635.0,662.9,573.0,614.1,1814654.086
2021-11-11,614.2,635.2,605.7,628.4,1019740.949
2021-11-12,628.4,634.5,602.7,626.9,1012909.088
2021-11-13,626.8,655.0,619.6,649.5,900107.757
2021-11-14,649.5,661.0,634.5,650.8,933689.139
2021-11-15,650.7,659.5,630.3,633.8,953989.634
2021-11-16,633.9,635.2,573.7,588.7,2200954.903
2021-11-17,588.8,592.6,553.7,578.0,1453408.555
2021-11-18,577.9,588.2,510.0,531.8,1750338.428
2021-11-19,531.9,585.5,523.9,581.0,1300787.958
2021-11-20,581.0,604.8,572.6,604.3,1119517.131
2021-11-21,604.4,605.2,579.6,584.0,970133.807
2021-11-22,584.0,585.5,553.8,559.3,1141002.755
2021-11-23,559.4,605.0,557.9,591.1,1202541.917
2021-11-24,591.1,594.3,576.8,590.3,1079667.803
2021-11-25,590.4,650.0,587.4,639.1,1536194.042
2021-11-26,639.1,657.9,564.2,587.3,2413553.439
2021-11-27,587.2,621.3,582.6,599.9,1183849.36
2021-11-28,599.9,612.9,571.6,611.3,1281130.351
2021-11-29,611.4,629.0,601.6,623.4,1090520.864
2021-11-30,623.5,635.0,602.6,622.5,1380656.205
2021-12-01,622.5,649.8,618.2,627.5,1384101.087
2021-12-02,627.5,630.9,605.5,619.9,1104596.881
2021-12-03,619.9,628.0,574.0,595.0,1250950.167
2021-12-04,595.1,596.0,489.2,568.6,2611783.647
2021-12-05,568.5,582.0,539.9,557.8,1258393.72
2021-12-06,557.7,593.0,533.0,587.5,2005928.932
2021-12-07,587.5,594.1,572.2,578.7,1017363.943
2021-12-08,578.7,607.6,567.0,607.2,1113215.449
2021-12-09,607.3,617.0,567.7,570.2,1096635.012
2021-12-10,570.2,595.1,550.2,552.4,1083121.564
2021-12-11,552.5,572.7,542.0,564.5,950448.474
2021-12-12,564.6,574.8,559.3,570.3,544940.336
2021-12-13,570.3,572.2,511.1,521.0,1037150.705
2021-12-14,521.0,535.8,509.7,528.1,1263782.101
2021-12-15,528.0,546.7,501.6,541.1,1147515.305
2021-12-16,541.1,545.3,524.8,526.2,735504.682
2021-12-17,526.2,535.8,511.0,525.5,921732.763
2021-12-18,525.5,537.8,515.0,533.9,580436.098
2021-12-19,533.9,544.4,527.1,529.8,540256.684
2021-12-20,529.8,534.8,505.6,524.0,727454.212
2021-12-21,524.0,535.7,509.8,528.3,686439.708
2021-12-22,528.4,545.0,527.2,533.6,721787.109
2021-12-23,533.6,552.6,524.3,549.0,844421.954
2021-12-24,549.0,554.4,537.4,542.1,665688.415
2021-12-25,542.1,550.5,539.1,547.4,455399.793
2021-12-26,547.4,549.3,535.6,546.4,536338.775
2021-12-27,546.5,572.0,543.1,563.7,803473.155
2021-12-28,563.7,563.7,528.4,534.2,1002556.271
2021-12-29,534.2,540.5,510.3,514.5,740117.867
2021-12-30,514.5,527.8,508.3,518.5,639166.717
2021-12-31,518.6,528.3,506.0,511.4,677844.749
2022-01-01,511.5,527.9,511.4,527.3,446171.541
2022-01-02,527.4,533.9,518.0,531.0,404475.541
2022-01-03,531.0,532.8,510.0,511.9,663841.021
2022-01-04,511.9,520.0,502.0,506.9,687436.638
2022-01-05,506.9,516.0,457.0,474.1,985152.004
2022-01-06,474.2,481.3,458.8,472.6,986669.9
2022-01-07,472.6,473.9,437.5,448.1,1331260.03
2022-01-08,448.1,459.7,415.0,429.9,1062788.589
2022-01-09,429.8,444.5,427.0,438.7,688777.347
2022-01-10,438.8,445.5,405.6,424.7,1221504.738
2022-01-11,424.8,467.7,421.3,463.6,1266092.819
2022-01-12,463.6,489.9,456.6,487.8,836124.928
2022-01-13,487.8,489.8,466.5,475.2,908052.937
2022-01-14,475.1,492.3,467.6,490.0,797022.181
2022-01-15,489.9,500.9,485.0,494.5,548626.203
2022-01-16,494.5,506.0,488.6,498.6,507042.332
2022-01-17,498.6,499.1,466.9,475.2,757806.035
2022-01-18,475.1,479.6,457.2,471.4,707501.577
2022-01-19,471.5,473.1,453.7,461.9,585750.3
2022-01-20,461.9,478.7,438.2,440.2,1137854.894
2022-01-21,440.2,444.6,373.7,383.9,1891179.594
2022-01-22,383.8,389.6,336.3,358.3,2635609.386
2022-01-23,358.3,389.0,356.3,383.9,1297043.923
2022-01-24,384.0,384.0,336.0,371.3,1900214.42
2022-01-25,371.2,389.5,357.4,385.1,1006111.155
2022-01-26,385.1,402.4,366.4,375.1,1073520.172
2022-01-27,375.1,393.8,360.0,389.9,962060.888
2022-01-28,389.9,395.9,375.8,385.9,752320.615
2022-01-29,385.9,397.3,380.7,389.3,534573.782
2022-01-30,389.4,389.6,372.2,377.2,536436.123
2022-01-31,377.2,385.4,365.2,374.3,620113.734
2022-02-01,374.4,388.4,373.7,384.2,555347.277
2022-02-02,384.1,386.1,366.1,366.9,572340.04
2022-02-03,367.1,372.4,359.6,372.3,495715.227
2022-02-04,372.2,399.7,369.5,399.5,849825.828
2022-02-05,399.6,431.0,396.3,413.7,1031046.87
2022-02-06,413.8,422.5,407.0,419.9,542631.176
2022-02-07,419.9,439.0,413.3,433.5,758247.667
2022-02-08,433.5,445.4,406.2,407.8,1148555.321
2022-02-09,407.9,427.7,407.1,422.9,633880.431
2022-02-10,422.9,434.9,410.0,414.7,956240.339
2022-02-11,414.7,418.9,390.5,400.0,700843.2
2022-02-12,400.0,407.1,393.3,403.6,521080.237
2022-02-13,403.6,407.8,394.7,397.9,388657.052
2022-02-14,398.0,404.5,390.6,403.4,472210.318
2022-02-15,403.4,443.0,402.7,432.4,1184143.99
2022-02-16,432.4,433.5,422.2,427.3,606252.493
2022-02-17,427.3,431.1,400.0,402.4,661874.717
2022-02-18,402.4,411.0,392.2,399.2,611936.679
2022-02-19,399.2,406.4,393.0,399.8,410279.304
2022-02-20,399.8,400.0,375.0,380.6,624148.525
2022-02-21,380.7,393.7,355.0,356.6,1219652.481
2022-02-22,356.7,375.4,348.7,374.3,940456.822
2022-02-23,374.3,384.2,365.3,365.6,698692.661
2022-02-24,365.6,371.3,323.5,361.2,1949035.935
2022-02-25,361.2,377.2,356.8,375.0,783242.16
2022-02-26,375.0,386.1,370.5,373.7,548687.941
2022-02-27,373.7,381.2,358.1,360.1,677364.949
2022-02-28,360.1,397.2,355.8,395.6,773064.48
2022-03-01,395.7,424.9,390.4,408.7,1403695.832
2022-03-02,408.7,415.7,403.8,409.3,788499.443
2022-03-03,409.3,413.2,397.4,402.6,577002.325
2022-03-04,402.6,403.5,372.0,374.2,756176.61
2022-03-05,374.1,387.3,367.2,384.7,453970.242
2022-03-06,384.8,387.3,371.6,375.0,489079.158
2022-03-07,375.0,385.9,362.8,380.6,949294.91
2022-03-08,380.6,388.7,375.3,381.4,647492.047
2022-03-09,381.4,402.7,381.0,393.2,1012850.747
2022-03-10,393.2,394.5,363.0,372.0,791332.984
2022-03-11,372.1,380.0,364.7,371.9,510174.586
2022-03-12,371.9,379.2,371.1,372.4,402475.646
2022-03-13,372.4,377.2,360.1,361.4,424762.642
2022-03-14,361.4,373.9,359.5,373.4,467814.984
2022-03-15,373.4,374.7,361.7,371.7,440890.823
2022-03-16,371.7,386.6,367.8,385.4,668878.615
2022-03-17,385.3,393.5,381.7,391.8,569457.408
2022-03-18,391.9,400.0,384.0,397.2,553763.586
2022-03-19,397.2,406.4,394.9,399.9,459996.613
2022-03-20,399.9,400.8,386.2,390.8,398984.429
2022-03-21,390.8,399.5,384.8,396.0,541479.78
2022-03-22,396.0,410.0,394.8,404.3,609034.607
2022-03-23,404.3,411.7,397.9,408.4,535891.79
2022-03-24,408.4,416.6,405.0,414.2,598366.115
2022-03-25,414.2,421.5,405.5,410.3,609691.876
2022-03-26,410.3,416.4,407.5,415.8,280157.687
2022-03-27,415.9,431.6,411.7,430.5,490998.1
2022-03-28,430.6,441.0,427.6,430.2,719102.183
2022-03-29,430.2,441.6,429.4,434.2,629773.894
2022-03-30,434.2,449.3,425.5,442.1,768982.427
2022-03-31,442.1,452.3,423.9,428.9,957924.695
2022-04-01,428.9,448.2,412.8,447.7,971822.655
2022-04-02,447.8,454.2,435.7,437.2,827864.885
2022-04-03,437.3,455.7,432.2,450.4,676230.892
2022-04-04,450.4,450.5,433.4,447.6,736637.271
2022-04-05,447.6,460.0,444.1,444.7,761168.725
2022-04-06,444.7,448.6,418.3,420.1,928930.806
2022-04-07,420.1,450.0,416.2,436.0,717661.036
2022-04-08,436.1,442.0,418.4,421.5,684600.074
2022-04-09,421.5,428.2,419.6,426.6,356426.659
2022-04-10,426.6,429.5,417.0,418.1,386650.883
2022-04-11,418.1,419.7,391.2,394.6,856354.224
2022-04-12,394.6,417.1,392.4,413.6,729790.918
2022-04-13,413.7,424.6,410.3,423.4,630077.277
2022-04-14,423.4,426.9,411.3,414.7,464220.208
2022-04-15,414.7,420.0,412.5,417.3,331730.773
2022-04-16,417.3,419.0,411.6,417.3,237289.02
2022-04-17,417.3,418.2,405.5,406.6,302390.726
2022-04-18,406.7,418.0,396.2,416.8,628747.772
2022-04-19,416.9,424.7,414.6,422.3,567586.931
2022-04-20,422.3,431.4,414.9,418.4,677255.09
2022-04-21,418.4,426.0,401.2,404.9,771718.154
2022-04-22,404.9,413.9,403.3,406.6,563521.049
2022-04-23,406.6,408.1,397.3,401.1,339347.45
2022-04-24,401.2,405.5,397.1,398.8,322889.805
2022-04-25,398.8,405.7,382.3,404.3,849798.678
2022-04-26,404.4,407.5,380.8,385.9,629808.812
2022-04-27,386.0,394.8,383.3,391.3,567371.495
2022-04-28,391.4,408.6,388.5,407.1,946336.334
2022-04-29,407.2,410.7,389.7,393.0,694888.526
2022-04-30,393.0,399.9,376.3,377.1,574905.822
2022-05-01,377.1,391.4,375.5,389.9,564144.673
2022-05-02,389.9,392.6,382.1,389.5,454918.112
2022-05-03,389.5,392.3,379.8,383.9,388317.42
2022-05-04,383.9,403.1,382.7,402.6,599066.682
2022-05-05,402.6,413.6,370.7,378.4,1224114.512
2022-05-06,378.5,383.3,370.6,379.1,702441.419
2022-05-07,379.1,380.6,360.1,365.5,554852.531
2022-05-08,365.5,367.0,349.5,355.9,785184.087
2022-05-09,355.9,359.3,295.4,296.1,2137566.8702
2022-05-10,296.1,332.8,289.0,319.1,2160654.1754
2022-05-11,319.1,323.0,260.8,271.5,3387753.9826
2022-05-12,271.4,285.0,218.8,269.0,4499625.6033
2022-05-13,269.0,313.5,265.4,290.6,1912387.361
2022-05-14,290.7,299.5,272.1,296.9,1092874.023
2022-05-15,296.9,312.6,285.7,312.4,774709.231
2022-05-16,312.4,312.5,290.3,297.2,967622.834
2022-05-17,297.3,310.7,295.8,306.2,702265.607
2022-05-18,306.2,308.6,286.8,287.7,731091.091
2022-05-19,287.8,308.9,286.8,307.1,685238.844
2022-05-20,307.1,316.1,294.1,302.2,918118.177
2022-05-21,302.3,314.2,299.3,312.4,470778.483
2022-05-22,312.5,323.7,311.5,319.4,640675.573
2022-05-23,319.3,337.0,315.3,317.2,1016212.871
2022-05-24,317.1,330.4,312.1,328.3,1087140.698
2022-05-25,328.3,337.9,324.0,325.7,1057736.755
2022-05-26,325.7,331.8,296.7,303.0,1539437.598
2022-05-27,303.0,309.8,290.6,301.6,1460549.008
2022-05-28,301.5,310.5,296.9,307.5,601654.504
2022-05-29,307.6,308.2,298.6,305.8,519507.747
2022-05-30,305.9,324.0,303.9,321.8,1006928.231
2022-05-31,321.8,324.8,313.5,320.9,701746.39
2022-06-01,321.0,324.5,297.6,300.4,817984.609
2022-06-02,300.5,309.2,298.2,308.3,477670.4
2022-06-03,308.4,310.3,293.3,298.6,468996.677
2022-06-04,298.6,302.9,294.8,301.3,293533.108
2022-06-05,301.4,302.5,295.0,299.1,269695.901
2022-06-06,299.1,312.3,288.0,295.1,758590.86
2022-06-07,295.1,295.9,273.5,290.3,969784.619
2022-06-08,290.3,294.6,283.9,288.5,509510.455
2022-06-09,288.5,293.4,286.3,289.9,335495.073
2022-06-10,289.9,298.9,283.2,286.4,817523.364
2022-06-11,286.4,290.6,265.2,269.9,584351.456
2022-06-12,269.9,272.0,251.1,254.8,827755.035
2022-06-13,254.8,257.8,213.2,223.0,2377589.4089
2022-06-14,222.9,231.4,204.1,223.0,1922025.0844
2022-06-15,223.1,234.7,198.4,233.6,2105397.5515
2022-06-16,233.6,237.2,207.7,210.2,975592.873
2022-06-17,210.3,222.1,207.7,215.8,690834.308
2022-06-18,215.8,219.0,183.4,197.0,1404690.4959
2022-06-19,197.0,217.0,189.7,215.1,1102166.171
2022-06-20,215.1,219.8,204.8,216.5,880400.844
2022-06-21,216.5,228.4,213.1,220.1,829003.565
2022-06-22,220.2,221.0,211.2,214.4,690466.465
2022-06-23,214.4,231.7,214.0,228.9,783796.952
2022-06-24,229.0,243.3,228.3,240.2,707275.387
2022-06-25,240.3,242.1,229.7,239.7,490948.31
2022-06-26,239.7,245.2,233.2,233.9,456762.547
2022-06-27,234.0,241.0,230.0,233.8,483616.798
2022-06-28,233.9,242.8,225.9,226.9,632626.779
2022-06-29,227.0,229.8,215.4,219.7,711780.691
2022-06-30,219.7,220.3,205.4,219.6,791526.898
2022-07-01,219.6,226.8,213.5,216.9,816261.885
2022-07-02,216.9,219.7,213.8,218.3,342712.099
2022-07-03,218.4,220.1,213.9,219.2,361103.065
2022-07-04,219.2,232.2,214.8,231.5,514662.946
2022-07-05,231.6,236.6,222.9,230.8,684927.621
2022-07-06,230.8,240.0,229.0,238.6,644951.713
2022-07-07,238.6,243.8,230.0,241.4,488193.225
2022-07-08,241.4,247.7,237.0,240.7,643936.034
2022-07-09,240.7,245.0,240.4,243.3,267778.165
2022-07-10,243.3,243.5,231.7,234.7,396712.237
2022-07-11,234.7,235.0,225.1,225.6,419335.067
2022-07-12,225.7,228.3,220.2,220.6,410220.066
2022-07-13,220.6,231.3,216.4,230.5,714589.61
2022-07-14,230.5,240.0,227.1,238.5,577524.874
2022-07-15,238.6,242.7,235.4,238.5,446513.822
2022-07-16,238.6,251.5,233.9,249.8,423399.994
2022-07-17,249.8,256.1,246.4,247.8,436448.547
2022-07-18,247.8,265.6,247.6,264.1,747067.029
2022-07-19,264.1,274.8,255.8,268.6,946386.94
2022-07-20,268.6,272.0,256.4,258.2,771496.808
2022-07-21,258.3,266.0,250.7,265.6,545140.272
2022-07-22,265.6,271.4,261.1,262.4,508542.317
2022-07-23,262.5,272.6,252.7,259.2,488326.247
2022-07-24,259.2,266.2,257.1,261.4,333902.611
2022-07-25,261.4,262.7,243.8,244.6,458768.533
2022-07-26,244.7,249.6,239.6,249.4,365533.647
2022-07-27,249.5,272.0,247.5,271.6,656773.695
2022-07-28,271.6,280.8,263.6,277.2,669832.4
2022-07-29,277.2,302.0,274.8,293.6,1077799.221
2022-07-30,293.6,300.2,285.1,287.8,683111.103
2022-07-31,287.8,297.1,282.1,283.4,564727.273
2022-08-01,283.5,290.5,277.9,283.2,493847.804
2022-08-02,283.3,291.1,274.2,283.8,627814.081
2022-08-03,283.8,305.7,278.2,297.5,685924.62
2022-08-04,297.6,313.4,297.2,311.8,808604.152
2022-08-05,311.9,321.5,308.1,315.9,641807.573
2022-08-06,315.9,322.9,312.6,315.2,394288.536
2022-08-07,315.3,325.9,308.2,322.8,415090.183
2022-08-08,322.7,334.0,320.8,324.9,580206.607
2022-08-09,324.9,328.3,312.4,324.4,500589.395
2022-08-10,324.5,336.8,313.6,328.8,831222.11
2022-08-11,328.8,334.7,322.0,323.6,549578.328
2022-08-12,323.5,328.1,317.7,327.9,384848.843
2022-08-13,327.9,333.0,322.8,324.3,405066.252
2022-08-14,324.3,331.0,315.8,317.6,378353.918
2022-08-15,317.6,327.4,313.6,319.5,455916.278
2022-08-16,319.4,322.4,312.0,316.1,370975.919
2022-08-17,316.0,324.0,304.2,306.9,504236.732
2022-08-18,306.8,311.0,295.8,298.1,409051.886
2022-08-19,298.1,298.2,276.2,279.1,870296.511
2022-08-20,279.0,289.4,277.0,283.7,513021.106
2022-08-21,283.8,304.2,283.4,301.9,528156.209
2022-08-22,301.9,304.9,288.8,300.0,638895.985
2022-08-23,300.0,301.7,293.8,299.3,403374.952
2022-08-24,299.3,300.5,294.3,296.4,344126.265
2022-08-25,296.4,307.5,296.0,301.2,398617.06
2022-08-26,301.2,302.3,277.2,279.6,594770.355
2022-08-27,279.6,284.8,273.3,277.9,412732.716
2022-08-28,277.9,284.1,275.6,276.5,312819.026
2022-08-29,276.5,286.7,272.3,285.9,481690.832
2022-08-30,285.9,292.0,276.1,281.6,436765.765
2022-08-31,281.7,290.0,277.7,279.2,388909.545
2022-09-01,279.3,280.3,270.7,278.3,415193.212
2022-09-02,278.3,283.4,273.7,277.5,321409.948
2022-09-03,277.4,278.8,274.2,277.8,148504.883
2022-09-04,277.8,280.6,275.0,279.1,193440.808
2022-09-05,279.1,282.0,273.4,276.9,258958.149
2022-09-06,276.9,286.3,261.0,262.5,640922.531
2022-09-07,262.5,280.4,258.6,278.9,431827.218
2022-09-08,279.0,282.9,275.4,280.5,385559.749
2022-09-09,280.6,295.9,280.0,293.4,541869.409
2022-09-10,293.4,298.6,290.3,296.7,328332.542
2022-09-11,296.7,298.1,289.7,295.3,261093.945
2022-09-12,295.3,300.0,290.8,294.1,408686.168
2022-09-13,294.1,298.6,275.4,277.4,578322.33
2022-09-14,277.5,282.8,273.3,279.3,424974.985
2022-09-15,279.4,280.5,266.3,271.1,520635.261
2022-09-16,271.1,276.6,268.5,274.9,311737.818
2022-09-17,274.9,279.9,274.7,279.1,189707.951
2022-09-18,279.1,280.3,263.1,266.2,327883.908
2022-09-19,266.3,273.0,256.7,271.9,508029.19
2022-09-20,272.0,273.7,265.2,266.3,335455.454
2022-09-21,266.3,276.4,260.3,264.0,535775.821
2022-09-22,264.0,276.7,263.5,275.3,339390.821
2022-09-23,275.4,277.9,268.3,276.7,363390.805
2022-09-24,276.7,285.0,274.2,274.4,324988.432
2022-09-25,274.4,280.0,270.9,274.3,220895.598
2022-09-26,274.3,276.9,270.8,276.1,267919.665
2022-09-27,276.1,286.6,269.2,272.3,406749.835
2022-09-28,272.3,283.7,266.3,281.6,357981.397
2022-09-29,281.6,285.6,277.1,284.1,301167.344
2022-09-30,284.2,289.8,280.5,284.8,391981.587
2022-10-01,284.9,285.4,277.7,282.9,196754.497
2022-10-02,282.9,287.9,279.4,284.7,200690.251
2022-10-03,284.7,289.1,283.1,286.9,275974.883
2022-10-04,287.0,298.2,286.3,296.2,321841.165
2022-10-05,296.3,296.4,289.2,294.2,221018.685
2022-10-06,294.2,298.1,278.6,287.0,450036.833
2022-10-07,286.9,287.0,279.1,282.3,354485.961
2022-10-08,282.2,282.7,275.4,276.4,183653.119
2022-10-09,276.3,279.4,275.1,278.2,171008.247
2022-10-10,278.2,279.2,271.3,271.5,216924.869
2022-10-11,271.5,274.0,267.2,271.4,222137.683
2022-10-12,271.3,272.9,269.2,270.9,167816.904
2022-10-13,270.9,273.7,256.8,271.6,540797.212
2022-10-14,271.6,276.8,267.6,269.4,298386.918
2022-10-15,269.4,271.4,267.4,268.2,144084.716
2022-10-16,268.2,273.9,267.9,272.5,185597.074
2022-10-17,272.4,275.9,269.8,275.6,187187.58
2022-10-18,275.7,276.0,270.1,273.1,195691.117
2022-10-19,273.2,273.9,270.3,272.0,153657.96
2022-10-20,271.9,273.4,267.3,269.0,166135.496
2022-10-21,269.0,271.2,263.4,270.1,195432.212
2022-10-22,270.1,271.1,268.4,270.4,84044.883
2022-10-23,270.5,276.8,268.7,276.0,134390.843
2022-10-24,275.9,277.4,271.6,274.1,154182.094
2022-10-25,274.2,289.9,272.0,284.2,387523.125
2022-10-26,284.2,292.0,284.1,290.2,316408.936
2022-10-27,290.3,293.3,284.7,286.7,315734.808
2022-10-28,286.8,301.1,285.7,297.9,416648.243
2022-10-29,297.9,308.4,295.6,304.4,553646.125
2022-10-30,304.5,318.8,302.3,313.5,538624.403
2022-10-31,313.6,337.9,306.5,325.7,1047801.477
2022-11-01,325.8,334.6,317.4,323.9,550045.706
2022-11-02,323.8,330.0,315.3,320.2,561329.564
2022-11-03,320.2,338.7,318.0,329.5,622354.86
2022-11-04,329.6,358.9,328.3,354.6,751709.582
2022-11-05,354.7,361.3,346.1,349.2,411760.064
2022-11-06,349.1,356.0,337.7,337.9,390974.879
2022-11-07,337.8,344.4,326.4,337.0,740465.512
2022-11-08,337.0,398.3,298.0,327.4,3103916.384
2022-11-09,327.4,333.1,260.2,267.3,1901075.899
2022-11-10,267.1,313.0,263.2,304.0,1411238.91
2022-11-11,304.1,306.0,279.0,290.4,695145.641
2022-11-12,290.4,294.5,271.6,282.8,545359.355
2022-11-13,282.9,286.5,273.2,276.4,442278.921
2022-11-14,276.4,292.0,268.0,279.0,818725.897
2022-11-15,279.0,282.4,273.2,277.0,445565.664
2022-11-16,277.0,280.2,268.8,271.8,402896.799
2022-11-17,271.9,273.5,262.9,267.9,367805.83
2022-11-18,268.0,274.8,267.7,274.1,277946.366
2022-11-19,274.1,274.6,268.9,272.6,194104.28
2022-11-20,272.6,273.8,261.8,264.2,306587.581
2022-11-21,264.2,265.3,250.0,253.9,581026.19
2022-11-22,254.0,267.8,252.0,266.7,357164.445
2022-11-23,266.8,301.8,264.8,298.8,1224050.689
2022-11-24,298.9,304.1,293.9,300.2,550792.655
2022-11-25,300.3,306.6,294.1,300.8,465733.483
2022-11-26,300.8,317.8,299.9,311.4,569578.773
2022-11-27,311.4,316.7,306.3,307.6,310095.845
2022-11-28,307.7,309.6,286.6,293.5,603763.83
2022-11-29,293.5,305.3,289.0,295.4,422502.385
2022-11-30,295.4,305.5,292.5,300.6,467009.694
2022-12-01,300.6,302.0,290.0,292.3,798867.735
2022-12-02,292.3,293.9,285.4,293.4,364102.285
2022-12-03,293.4,294.4,289.0,290.4,234377.055
2022-12-04,290.4,292.8,287.4,291.8,244356.783
2022-12-05,291.8,297.2,286.1,288.4,294958.79
2022-12-06,288.5,290.8,286.5,290.2,247911.347
2022-12-07,290.2,290.9,281.1,284.2,361435.528
2022-12-08,284.2,292.0,282.4,290.4,281655.085
2022-12-09,290.4,292.0,284.4,286.0,308418.725
2022-12-10,286.1,289.9,285.7,288.2,148922.633
2022-12-11,288.2,291.4,283.3,284.4,206340.146
2022-12-12,284.5,285.8,271.7,276.1,507509.835
2022-12-13,276.1,282.0,255.6,272.2,1309642.684
2022-12-14,272.2,278.4,265.5,267.7,580082.911
2022-12-15,267.7,268.1,256.5,258.8,350889.164
2022-12-16,258.9,264.7,224.7,231.2,876900.031
2022-12-17,231.2,245.0,220.0,242.1,788798.493
2022-12-18,242.1,254.6,239.5,251.0,526139.427
2022-12-19,251.1,253.3,236.8,240.4,408787.202
2022-12-20,240.3,253.5,239.1,251.4,320509.026
2022-12-21,251.4,251.5,245.2,246.2,195051.385
2022-12-22,246.2,248.3,240.1,245.8,246104.196
2022-12-23,245.9,248.7,243.7,246.2,175280.013
2022-12-24,246.2,246.3,243.4,244.5,96773.731
2022-12-25,244.6,245.8,241.4,243.2,125016.877
2022-12-26,243.2,244.9,242.0,244.3,117117.968
2022-12-27,244.3,248.9,242.1,246.7,196642.12
2022-12-28,246.7,247.4,241.5,244.5,208632.342
2022-12-29,244.6,246.9,243.3,246.3,161959.266
2022-12-30,246.3,246.7,242.7,245.8,128406.533
2022-12-31,245.8,248.0,244.8,246.3,134141.311
2023-01-01,246.3,246.7,243.4,244.4,109450.117
2023-01-02,244.5,247.9,240.7,245.2,173452.9
2023-01-03,245.3,247.0,244.4,246.1,115059.991
2023-01-04,246.2,261.0,245.6,258.9,370055.082
2023-01-05,258.9,259.2,255.2,256.7,145297.963
2023-01-06,256.7,260.7,254.2,259.9,199497.076
2023-01-07,259.9,263.9,259.4,261.3,115152.77
2023-01-08,261.3,276.5,260.1,274.9,237308.89
2023-01-09,274.9,283.5,271.3,272.6,437828.428
2023-01-10,272.6,278.8,270.2,277.1,259938.562
2023-01-11,277.2,287.7,274.1,284.8,266107.304
2023-01-12,284.9,288.6,278.5,287.7,391553.641
2023-01-13,287.8,296.0,284.9,293.7,313541.811
2023-01-14,293.7,314.4,293.1,305.1,706402.087
2023-01-15,305.2,306.1,291.8,302.2,288696.868
2023-01-16,302.2,308.1,293.1,299.0,350990.993
2023-01-17,299.0,305.8,294.9,299.4,279993.876
2023-01-18,299.4,305.3,281.1,286.7,621064.665
2023-01-19,286.7,295.5,286.1,294.6,215522.146
2023-01-20,294.6,305.4,286.6,305.1,423829.136
2023-01-21,305.1,309.9,298.4,299.0,508000.024
2023-01-22,299.1,311.4,298.5,303.0,388815.192
2023-01-23,303.1,307.8,300.8,305.1,301946.005
2023-01-24,305.2,323.5,299.2,300.3,629758.279
2023-01-25,300.3,314.0,293.4,306.9,447238.539
2023-01-26,306.9,309.5,301.6,304.7,342344.705
2023-01-27,304.8,310.5,298.8,308.0,271326.79
2023-01-28,308.0,313.6,303.6,306.1,229517.8
2023-01-29,306.2,320.5,304.8,317.2,430698.673
2023-01-30,317.1,320.8,302.0,307.2,413716.212
2023-01-31,307.2,314.4,305.3,312.0,278061.958
2023-02-01,312.1,319.4,305.6,317.0,390978.523
2023-02-02,317.1,334.4,316.3,323.5,587655.881
2023-02-03,323.5,335.5,318.3,332.2,579577.162
2023-02-04,332.3,334.1,327.0,330.4,212109.626
2023-02-05,330.4,337.8,324.0,327.8,396514.711
2023-02-06,327.8,331.5,320.7,324.3,290965.0
2023-02-07,324.4,333.7,323.2,333.0,265904.833
2023-02-08,333.1,335.8,323.6,328.2,286865.867
2023-02-09,328.2,329.3,302.0,306.2,564612.572
2023-02-10,306.2,309.2,302.5,305.8,295784.976
2023-02-11,305.9,311.4,305.1,310.4,154488.761
2023-02-12,310.5,321.0,306.0,312.6,291500.27
2023-02-13,312.6,315.7,282.8,294.3,1065985.594
2023-02-14,294.3,301.7,289.8,296.2,494698.654
2023-02-15,296.2,317.7,294.0,317.4,465921.943
2023-02-16,317.5,327.8,303.9,304.4,858141.89
2023-02-17,304.4,317.5,302.8,313.0,508736.193
2023-02-18,313.0,319.2,312.9,316.5,282485.39
2023-02-19,316.6,318.9,310.3,311.5,336004.274
2023-02-20,311.5,319.8,308.0,315.4,514483.797
2023-02-21,315.5,317.4,309.3,311.5,385161.297
2023-02-22,311.5,312.9,303.2,312.4,368344.986
2023-02-23,312.5,315.3,305.8,308.3,300641.241
2023-02-24,308.3,312.1,298.6,302.3,328726.4
2023-02-25,302.3,303.0,295.5,302.4,178538.408
2023-02-26,302.5,309.8,300.7,308.7,151419.166
2023-02-27,308.7,309.4,300.5,304.6,234405.821
2023-02-28,304.7,305.7,300.0,301.4,186649.192
2023-03-01,301.5,306.4,300.5,302.7,200883.893
2023-03-02,302.6,303.8,295.8,299.8,200964.842
2023-03-03,299.8,300.0,286.6,290.4,266627.564
2023-03-04,290.5,291.5,285.8,289.6,127846.865
2023-03-05,289.6,292.8,287.4,288.7,128456.559
2023-03-06,288.8,289.7,283.3,287.8,205220.757
2023-03-07,287.9,290.5,283.4,289.3,200611.357
2023-03-08,289.3,294.3,285.1,287.1,260938.374
2023-03-09,287.1,291.4,271.2,277.1,318996.851
2023-03-10,277.1,278.1,265.0,277.4,404292.972
2023-03-11,277.5,281.8,270.5,276.0,370350.207
2023-03-12,276.0,288.8,273.2,288.1,316243.117
2023-03-13,288.1,314.1,286.1,307.9,991752.464
2023-03-14,307.9,319.5,302.0,308.4,703702.208
2023-03-15,308.5,312.7,300.0,306.3,413251.773
2023-03-16,306.3,332.8,302.8,329.4,1251303.89
2023-03-17,329.4,340.0,325.0,338.9,726737.468
2023-03-18,339.0,346.3,328.0,331.0,662698.511
2023-03-19,331.1,341.7,330.3,336.7,401972.619
2023-03-20,336.7,339.1,331.3,332.5,511504.522
2023-03-21,332.5,339.9,327.1,334.4,477443.689
2023-03-22,334.5,339.5,316.0,321.1,1286215.777
2023-03-23,321.2,332.1,318.9,329.4,383094.591
2023-03-24,329.4,330.0,316.9,322.1,307030.002
2023-03-25,322.1,324.9,319.0,322.4,317118.332
2023-03-26,322.4,329.5,321.7,328.6,204700.193
